resource_name,service_type,physical_address,city,state,zip_code,eligibility_criteria,contact_phone,website_url,source_url,keywords
VA Greater Los Angeles Healthcare System,Primary Care,"11301 Wilshire Blvd",Los Angeles,CA,90073,Veterans with VA enrollment,(310) 478-3711,https://www.va.gov/greater-los-angeles-health-care/,https://www.va.gov/greater-los-angeles-health-care/,veteran primary care medical
VA Palo Alto Health Care System,Primary Care,"3801 Miranda Ave",Palo Alto,CA,94304,Veterans with VA enrollment,(650) 493-5000,https://www.va.gov/palo-alto-health-care/,https://www.va.gov/palo-alto-health-care/,veteran healthcare bay area
Veterans Crisis Line,Mental Health,"National Hotline",Nationwide,US,00000,All veterans and service members,988 (Press 1),https://www.veteranscrisisline.net/,https://www.veteranscrisisline.net/,suicide prevention crisis mental health veteran
Vet Center - Los Angeles,Mental Health,"1045 W Redondo Beach Blvd",Gardena,CA,90247,Combat veterans and families,(310) 767-1221,https://www.vetcenter.va.gov/,https://www.vetcenter.va.gov/,ptsd counseling veteran combat
VA Benefits Regional Office San Diego,VA Benefits,"8810 Rio San Diego Dr",San Diego,CA,92108,All veterans,(800) 827-1000,https://www.benefits.va.gov/sandiego/,https://www.benefits.va.gov/sandiego/,disability claims benefits veteran
Rural Health Clinic - Bakersfield,Primary Care,"2600 Chester Ave",Bakersfield,CA,93301,All patients - sliding scale available,(661) 327-8737,https://www.hrsa.gov/,https://www.hrsa.gov/rural-health,rural health clinic primary care
Community Health Center of Central Wyoming,Primary Care,"1522 E A Street",Casper,WY,82601,All patients - sliding scale,(307) 233-6000,https://www.chccw.org/,https://www.chccw.org/,rural health wyoming primary care
Disability Rights California,VA Benefits,"1831 K Street",Sacramento,CA,95811,People with disabilities,(800) 776-5746,https://www.disabilityrightsca.org/,https://www.disabilityrightsca.org/,disability rights advocacy legal
Cohen Veterans Network,Mental Health,"Multiple Locations",Nationwide,US,00000,Veterans and families - no cost,(833) 227-4747,https://www.cohenveteransnetwork.org/,https://www.cohenveteransnetwork.org/,mental health ptsd veteran free
VA Caregiver Support Program,VA Benefits,"National Program",Nationwide,US,00000,Caregivers of veterans,(855) 260-3274,https://www.caregiver.va.gov/,https://www.caregiver.va.gov/,caregiver support veteran family
Phoenix VA Health Care System,Primary Care,"650 E Indian School Rd",Phoenix,AZ,85012,Veterans with VA enrollment,(602) 277-5551,https://www.va.gov/phoenix-health-care/,https://www.va.gov/phoenix-health-care/,veteran healthcare arizona
VA Southern Nevada Healthcare,Primary Care,"6900 N Pecos Rd",North Las Vegas,NV,89086,Veterans with VA enrollment,(702) 791-9000,https://www.va.gov/southern-nevada-health-care/,https://www.va.gov/southern-nevada-health-care/,veteran healthcare las vegas nevada
National Alliance on Mental Illness (NAMI),Mental Health,"National Helpline",Nationwide,US,00000,Anyone affected by mental illness,(800) 950-6264,https://www.nami.org/,https://www.nami.org/,mental health support family
Wounded Warrior Project,VA Benefits,"Multiple Locations",Nationwide,US,00000,Post-9/11 veterans,(888) 997-2586,https://www.woundedwarriorproject.org/,https://www.woundedwarriorproject.org/,veteran benefits support wounded
Texas Veterans Commission,VA Benefits,"1700 Congress Ave",Austin,TX,78701,Texas veterans and families,(800) 252-8387,https://www.tvc.texas.gov/,https://www.tvc.texas.gov/,texas veteran benefits claims
VA North Texas Health Care System,Primary Care,"4500 S Lancaster Rd",Dallas,TX,75216,Veterans with VA enrollment,(214) 742-8387,https://www.va.gov/north-texas-health-care/,https://www.va.gov/north-texas-health-care/,veteran healthcare dallas texas
Alaska Native Tribal Health Consortium,Primary Care,"4000 Ambassador Dr",Anchorage,AK,99508,Alaska Native and American Indian,(907) 729-1900,https://www.anthc.org/,https://www.anthc.org/,alaska native tribal health
Rural Health Information Hub,Primary Care,"Online Resource",Nationwide,US,00000,Rural health information for all,(800) 270-1898,https://www.ruralhealthinfo.org/,https://www.ruralhealthinfo.org/,rural health resources information
VA Homeless Veterans Programs,Housing Assistance,"National Program",Nationwide,US,00000,Homeless veterans,(877) 424-3838,https://www.va.gov/homeless/,https://www.va.gov/homeless/,homeless veteran housing support
Make the Connection,Mental Health,"Online Resource",Nationwide,US,00000,Veterans and families,,https://www.maketheconnection.net/,https://www.maketheconnection.net/,veteran mental health stories support
National Rural Health Association,Primary Care,"Online Resource",Nationwide,US,00000,Rural health advocacy,(202) 639-0550,https://www.ruralhealth.us/,https://www.ruralhealth.us/,rural health advocacy policy
VA Women Veterans Health Care,Primary Care,"National Program",Nationwide,US,00000,Women veterans,(855) 829-6636,https://www.womenshealth.va.gov/,https://www.womenshealth.va.gov/,women veteran healthcare
Easterseals,Dental,"Multiple Locations",Nationwide,US,00000,People with disabilities,(800) 221-6827,https://www.easterseals.com/,https://www.easterseals.com/,disability services dental vision
State Health Insurance Assistance Program,VA Benefits,"State Programs",Nationwide,US,00000,Medicare beneficiaries,(877) 839-2675,https://www.shiphelp.org/,https://www.shiphelp.org/,medicare insurance assistance
Federally Qualified Health Centers,Primary Care,"Multiple Locations",Nationwide,US,00000,Sliding scale - all patients,(301) 594-4000,https://findahealthcenter.hrsa.gov/,https://findahealthcenter.hrsa.gov/,community health center sliding scale
VA Substance Use Disorder Treatment,Substance Abuse,"National Program",Nationwide,US,00000,Veterans with substance use issues,(800) 827-1000,https://www.mentalhealth.va.gov/substance-use/,https://www.mentalhealth.va.gov/substance-use/,substance abuse veteran addiction treatment
Give an Hour,Mental Health,"National Network",Nationwide,US,00000,Veterans and families - free,,https://giveanhour.org/,https://giveanhour.org/,free mental health veteran therapy
Paralyzed Veterans of America,VA Benefits,"National Organization",Nationwide,US,00000,Paralyzed veterans,(800) 424-8200,https://pva.org/,https://pva.org/,paralyzed veteran disability benefits
VA Prosthetics and Sensory Aids,Vision,"National Program",Nationwide,US,00000,Veterans with prosthetic needs,(800) 827-1000,https://www.prosthetics.va.gov/,https://www.prosthetics.va.gov/,prosthetics veteran vision hearing
Feeding America,Food Assistance,"Multiple Locations",Nationwide,US,00000,Anyone facing hunger,(800) 771-2303,https://www.feedingamerica.org/,https://www.feedingamerica.org/,food assistance hunger nutrition
